{"cpu": {"percents": [7.8, 13.5, 14.5, 15.075, 12.059999999999999, 10.049999999999999, 8.614285714285714, 9.9375, 10.622222222222222, 11.18, 10.163636363636364, 9.316666666666666, 8.6, 7.985714285714286, 7.453333333333333, 8.1875, 8.641176470588235, 8.988888888888889, 8.515789473684212, 8.09, 7.704761904761905, 7.354545454545455, 7.034782608695653, 7.358333333333334, 7.572, 7.765384615384615, 7.974074074074075, 8.171428571428573, 8.389655172413793, 8.110000000000001, 7.848387096774194, 8.1125, 8.312121212121212, 8.405882352941177, 8.611428571428572, 8.763888888888891, 8.935135135135138, 9.03684210526316, 9.512820512820516, 9.575000000000003, 9.675609756097563, 9.750000000000004, 9.52325581395349, 9.306818181818185, 9.100000000000003, 8.90217391304348, 8.71276595744681, 8.812500000000002, 9.236734693877553, 9.450000000000003, 9.59607843137255, 9.68846153846154, 9.762264150943398, 9.80740740740741, 10.149090909090912, 10.198214285714288, 10.231578947368424, 10.300000000000004, 10.125423728813562, 9.95666666666667, 9.793442622950822, 9.635483870967745, 9.482539682539686, 9.334375000000003, 9.409230769230772, 9.478787878787882, 9.546268656716421, 9.59852941176471, 9.637681159420293, 9.712857142857146, 9.759154929577468, 9.809722222222225, 9.857534246575344, 9.890540540540542, 9.961333333333336, 10.007894736842108, 10.038961038961041, 10.106410256410257, 10.165822784810127, 10.19375, 10.220987654320988, 10.241463414634145, 10.312048192771083, 10.338095238095239, 10.374117647058823, 10.423255813953489, 10.454022988505747, 10.465909090909092, 10.348314606741573, 10.382222222222222, 10.42967032967033, 10.443478260869567, 10.488172043010753, 10.376595744680852, 10.267368421052632, 10.160416666666668, 10.055670103092785, 9.953061224489797, 9.990909090909092, 10.122000000000002], "average": 9.57383828449269}, "fps": {"times": [4.244198801105799, 5.38204971426775, 6.082286178327323, 6.043173718566139, 6.101043647956022, 6.196581686936733, 6.39721243119377, 6.618152842372674, 6.765367756199166, 6.913468732337442, 6.918356593285479, 6.81349675262835, 6.893962031463734, 6.987209369292872, 7.010446713936674, 6.979585070112164, 6.9807322727138335, 7.034251897634512, 7.113868002081356, 7.152770239879261, 7.186092133164364, 7.175509233478834, 7.193172208668448, 7.203885247425604, 7.1929202374280505, 7.232513043830054, 7.289143787536324, 7.117481261391087, 7.155816725628387, 7.187046843903082, 7.171138785126804, 7.1953577523599215, 7.244890885410969, 7.268933545478896, 7.295357057220844, 7.3269784790216725, 7.3093875900796075, 7.291897751187309, 7.313488770777244, 7.335652157183901, 7.323009084899724, 7.316812704616292, 7.321513720885927, 7.33483289540795, 7.3237213402032335, 7.321463892177017, 7.310453864777717, 7.289111972148191, 7.314676978446533, 7.339059134321154, 7.326720283043393, 7.3605291982978, 7.3960952743607, 7.336961142087909, 7.366106207931828, 7.35784396063295, 7.3725632412873585, 7.400263960486601, 7.420179496762351, 7.438989938552378, 7.4318870475943655, 7.447487076283898, 7.463755566121443, 7.487553057257264, 7.475873949025645, 7.496360505684133, 7.51749745010313, 7.514904434002388, 7.5330161092035075, 7.551079577204141, 7.573964728199743, 7.523445985180408, 7.522591407582687, 7.535905798147413, 7.549365564471985, 7.541376609341006, 7.551693967860546, 7.565722222472751, 7.5759204131250835, 7.553167614188247, 7.566161904182659, 7.56909556207148, 7.578036723240706, 7.590403679227044, 7.60836286893772, 7.5812613220494605, 7.60068088273136, 7.61560771981352, 7.625611582156922, 7.633706366801135, 7.625528715570518, 7.639531810673287, 7.63174816762944, 7.644713013056164, 7.6380259440965705, 7.647534938740149, 7.660328992685654, 7.671777753539167, 7.68430838150074, 7.699390867025517], "average": 7.252101725186986}}