{
    "cpu": {
        "percents": [
            19.3,
            19.3,
            27.3,
            25.3,
            24.1,
            22.9,
            25.8,
            22.7,
            23.6,
            25.0,
            21.5,
            0.0,
            0.0,
            0.0,
            24.0,
            22.8,
            0.0,
            0.0,
            0.0,
            0.0,
            25.9,
            26.8,
            23.0,
            23.1,
            22.1,
            0.0,
            25.3,
            28.1,
            0.0,
            0.0,
            0.0,
            0.0,
            24.6,
            24.2,
            0.0,
            0.0,
            0.0,
            0.0,
            0.0,
            24.0,
            22.2,
            22.9,
            22.5,
            23.6,
            23.5,
            24.4,
            23.9,
            21.5,
            24.6,
            22.5,
            22.4,
            24.3,
            23.7,
            24.0,
            22.8,
            20.2,
            30.1,
            24.2,
            23.7,
            23.9,
            24.7,
            0.0,
            0.0,
            0.0,
            0.0,
            22.8,
            22.9,
            22.8,
            23.6,
            23.8,
            21.8,
            23.2,
            22.1,
            21.8,
            24.6,
            22.9,
            22.9,
            0.0,
            0.0,
            22.8,
            21.8,
            22.2,
            33.6,
            23.6,
            25.3,
            23.2,
            31.9,
            24.7,
            22.7,
            21.3,
            0.0,
            23.7,
            24.3,
            28.9,
            22.1,
            23.2,
            27.1,
            25.1,
            26.0,
            30.6
        ],
        "average": 18.255999999999997
    },
    "fps": {
        "times": [
            2.2278990745544434,
            0.16846990585327148,
            0.1528019905090332,
            0.20264792442321777,
            0.19794797897338867,
            0.18190789222717285,
            0.14479780197143555,
            0.15145492553710938,
            0.15266799926757812,
            0.14944791793823242,
            0.17163491249084473,
            0.20224618911743164,
            0.151716947555542,
            0.14818835258483887,
            0.15743589401245117,
            0.19475889205932617,
            0.20126008987426758,
            0.14955377578735352,
            0.15209603309631348,
            0.20809292793273926,
            0.15881872177124023,
            0.18700599670410156,
            0.17951464653015137,
            0.16372299194335938,
            0.19147515296936035,
            0.1517472267150879,
            0.16852188110351562,
            0.24323201179504395,
            0.15480899810791016,
            0.16283202171325684,
            0.204725980758667,
            0.15700006484985352,
            0.1520218849182129,
            0.15316200256347656,
            0.14410114288330078,
            0.1535942554473877,
            0.20215487480163574,
            0.1771860122680664,
            0.17509675025939941,
            0.15453004837036133,
            0.19379687309265137,
            0.19693779945373535,
            0.15946292877197266,
            0.1554551124572754,
            0.19850802421569824,
            0.16541600227355957,
            0.19848299026489258,
            0.14145398139953613,
            0.14908599853515625,
            0.14664006233215332,
            0.20055007934570312,
            0.1481001377105713,
            0.14004015922546387,
            0.18830609321594238,
            0.1484529972076416,
            0.2041759490966797,
            0.1553330421447754,
            0.14438295364379883,
            0.15195107460021973,
            0.1456749439239502,
            0.19169998168945312,
            0.1455550193786621,
            0.15244507789611816,
            0.14621210098266602,
            0.19550704956054688,
            0.1407310962677002,
            0.15120792388916016,
            0.1679999828338623,
            0.15128231048583984,
            0.1497647762298584,
            0.14786100387573242,
            0.22086405754089355,
            0.17041516304016113,
            0.14762020111083984,
            0.16270208358764648,
            0.19493818283081055,
            0.14659810066223145,
            0.14542698860168457,
            0.16632509231567383,
            0.18197298049926758,
            0.1518537998199463,
            0.20379900932312012,
            0.16030287742614746,
            0.1592562198638916,
            0.15137600898742676,
            0.20115399360656738,
            0.14720487594604492,
            0.15283489227294922,
            0.15050077438354492,
            0.15751385688781738,
            0.2049238681793213,
            0.15172815322875977,
            0.20544886589050293,
            0.1620039939880371,
            0.18981719017028809,
            0.15706586837768555,
            0.15589213371276855,
            0.15030813217163086,
            0.1518700122833252,
            0.14716792106628418
        ],
        "average": 0.18823638916015625
    }
}