{"cpu": {"percents": [11.1, 13.3, 14.066666666666668, 14.55, 14.0, 13.700000000000001, 13.485714285714286, 13.200000000000001, 13.166666666666668, 13.09, 12.972727272727274, 12.941666666666668, 12.915384615384616, 12.835714285714287, 12.800000000000002, 12.806250000000002, 12.770588235294118, 12.855555555555558, 12.889473684210529, 12.825000000000003, 12.790476190476195, 12.850000000000005, 13.178260869565221, 13.337500000000004, 13.688000000000004, 14.161538461538466, 14.544444444444448, 14.864285714285717, 15.362068965517246, 15.426666666666671, 15.4741935483871, 15.400000000000004, 15.25454545454546, 15.176470588235297, 15.094285714285716, 15.013888888888893, 14.951351351351356, 14.884210526315792, 14.805128205128208, 14.747500000000002, 14.69756097560976, 14.640476190476193, 14.595348837209306, 14.804545454545456, 14.813333333333336, 14.758695652173914, 14.704255319148938, 14.66041666666667, 14.614285714285717, 14.556000000000004, 14.513725490196082, 14.490384615384617, 14.441509433962265, 14.400000000000002, 14.34727272727273, 14.308928571428575, 14.284210526315793, 14.239655172413796, 14.218644067796614, 14.178333333333336, 14.159016393442625, 14.164516129032261, 14.125396825396829, 14.103125000000004, 14.101538461538466, 14.112121212121215, 14.08208955223881, 14.050000000000002, 14.02898550724638, 13.99714285714286, 13.971830985915496, 13.956944444444447, 13.943835616438358, 13.927027027027028, 13.91066666666667, 13.884210526315792, 13.862337662337666, 13.842307692307696, 13.817721518987346, 13.795000000000005, 13.796296296296301, 13.767073170731713, 13.748192771084344, 13.732142857142865, 13.72941176470589, 13.710465116279076, 13.691954022988511, 13.66704545454546, 13.649438202247195, 13.743333333333338, 13.592307692307696, 13.579347826086961, 13.568817204301078, 13.560638297872343, 13.541052631578951, 13.53541666666667, 13.537113402061859, 13.51836734693878, 13.502020202020207, 13.488000000000005], "average": 13.960380539435743}, "fps": {"times": [2.364512113722873, 2.691185434517309, 2.8700503374265804, 2.7628149687081516, 2.720728920873912, 2.7528899201693533, 2.815010961332599, 2.875716220153923, 2.9181908249935993, 2.962718507610117, 2.958581830465939, 2.9159870403017, 2.942031313457941, 2.971839062862574, 2.986141576708018, 2.9523771437707067, 2.926241631649086, 2.93943032867163, 2.9638654132350433, 2.9786715164692477, 2.9877511893881024, 2.9642866103323415, 2.9579359149910935, 2.9541044743268965, 2.919846567266718, 2.9206901182337925, 2.9280960416633537, 2.887297096290127, 2.8957322458146266, 2.9012656182471264, 2.8866800982635374, 2.8976769594231353, 2.908125428144324, 2.9149217124833435, 2.9271893730727467, 2.93530942647868, 2.9221550247376054, 2.919756250301692, 2.922905211450341, 2.928204720152179, 2.917299582597215, 2.908553774006258, 2.909065899320698, 2.9133905803757294, 2.902446126643216, 2.904211994337224, 2.895062012322162, 2.9056990103252276, 2.9120578378186672, 2.917838442188112, 2.9083920064133517, 2.9162807119210887, 2.925823569734603, 2.9166879115540985, 2.92207951201731, 2.9129905255669053, 2.916011518885288, 2.9255895901142606, 2.9312116938443213, 2.9384446077833246, 2.929128637029148, 2.93487291902658, 2.9386078519428525, 2.9445518900604797, 2.9360996859653223, 2.9429096872101397, 2.947743304885239, 2.9480587327263788, 2.952461988401756, 2.957048593140914, 2.9630852411470743, 2.953532560339292, 2.953466532998204, 2.9587931482033856, 2.9613138668884273, 2.9546337846130912, 2.957528849265029, 2.9627787483278456, 2.9638998712646902, 2.960439825666448, 2.964501775518978, 2.963921285235918, 2.964909948309676, 2.9678598904657925, 2.9724158722790053, 2.9678635492551733, 2.9747397780476614, 2.977925830290846, 2.979661020656092, 2.9820481012960216, 2.976049571999419, 2.978977346874734, 2.973269701274756, 2.9761131833218397, 2.97152714745941, 2.9735838836912447, 2.9769600164910774, 2.9800049960395336, 2.9849909199682005, 2.98938184242377], "average": 2.9256571343593265}}