{"cpu": {"percents": [17.5, 17.0, 20.1, 23.9, 22.1, 0.0, 0.0, 21.6, 21.3, 20.2, 20.2, 21.4, 20.7, 25.0, 22.2, 20.3, 21.1, 20.9, 0.0, 0.0, 0.0, 22.2, 20.9, 20.9, 23.5, 21.5, 22.5, 28.9, 26.4, 0.0, 0.0, 0.0, 0.0, 21.6, 21.7, 20.6, 21.0, 0.0, 0.0, 0.0, 21.6, 20.9, 21.1, 22.0, 19.8, 20.2, 23.5, 20.4, 22.7, 20.9, 21.1, 0.0, 0.0, 21.2, 21.1, 26.0, 20.6, 27.7, 22.1, 0.0, 21.3, 22.5, 22.0, 22.5, 0.0, 0.0, 0.0, 21.4, 23.6, 21.6, 20.6, 21.4, 21.9, 20.2, 21.6, 20.7, 21.7, 20.1, 22.6, 23.7, 20.0, 24.7, 21.5, 19.7, 22.4, 20.7, 23.8, 22.5, 21.1, 26.6, 20.7, 20.9, 22.0, 23.8, 22.7, 21.5, 21.3, 19.9, 26.3, 23.5], "average": 17.951}, "fps": {"times": [2.244091749191284, 0.14983558654785156, 0.14796113967895508, 0.19829916954040527, 0.19306492805480957, 0.17074990272521973, 0.14200186729431152, 0.14544105529785156, 0.14451026916503906, 0.14331507682800293, 0.1659247875213623, 0.1936478614807129, 0.14629888534545898, 0.1434628963470459, 0.1469571590423584, 0.19107484817504883, 0.19222807884216309, 0.1456468105316162, 0.14560294151306152, 0.1584482192993164, 0.1483287811279297, 0.18103885650634766, 0.17366600036621094, 0.1641688346862793, 0.19031596183776855, 0.1455700397491455, 0.15748906135559082, 0.25055909156799316, 0.1486210823059082, 0.15526676177978516, 0.19223594665527344, 0.145219087600708, 0.1426377296447754, 0.14876389503479004, 0.14078211784362793, 0.14665603637695312, 0.1944427490234375, 0.16620182991027832, 0.16459107398986816, 0.14857697486877441, 0.1864919662475586, 0.18893170356750488, 0.1515791416168213, 0.14499211311340332, 0.1874401569366455, 0.1629350185394287, 0.18666720390319824, 0.13631725311279297, 0.1458449363708496, 0.14372801780700684, 0.18811297416687012, 0.14438867568969727, 0.13547682762145996, 0.18756103515625, 0.14925575256347656, 0.19124722480773926, 0.15200376510620117, 0.13534307479858398, 0.15079116821289062, 0.14089012145996094, 0.18855714797973633, 0.14500904083251953, 0.15218710899353027, 0.14104604721069336, 0.19322609901428223, 0.13957571983337402, 0.14583086967468262, 0.16229796409606934, 0.14596891403198242, 0.1451249122619629, 0.14230918884277344, 0.21250200271606445, 0.1666257381439209, 0.1418321132659912, 0.15617895126342773, 0.18988895416259766, 0.14252591133117676, 0.13719773292541504, 0.1590578556060791, 0.17708992958068848, 0.15029573440551758, 0.16559720039367676, 0.15618109703063965, 0.14417195320129395, 0.14339995384216309, 0.18854713439941406, 0.14038395881652832, 0.14623308181762695, 0.1482832431793213, 0.14684295654296875, 0.19744586944580078, 0.1457369327545166, 0.18930482864379883, 0.1590259075164795, 0.1837172508239746, 0.1455211639404297, 0.14429092407226562, 0.15410470962524414, 0.14190268516540527, 0.13891887664794922], "average": 0.18137630939483643}}