{"cpu": {"percents": [11.7, 12.8, 12.1, 17.7, 12.1, 12.4, 14.3, 11.1, 11.3, 12.1, 11.6, 13.3, 12.0, 12.1, 12.3, 13.4, 13.2, 11.6, 13.2, 12.3, 12.4, 13.7, 13.9, 14.5, 11.5, 13.1, 12.1, 11.9, 11.9, 12.4, 13.6, 12.3, 11.6, 13.6, 11.7, 12.8, 11.7, 12.4, 12.3, 12.9, 11.6, 12.4, 13.5, 12.1, 13.1, 11.7, 16.5, 11.9, 11.6, 12.2, 12.1, 13.1, 12.9, 11.2, 13.4, 0.0, 0.0, 12.3, 17.8, 23.2, 20.3, 26.1, 48.8, 39.8, 20.2, 42.5, 34.1, 23.9, 34.8, 27.4, 27.4, 27.6, 22.4, 20.1, 13.6, 16.9, 14.9, 15.1, 15.9, 17.0, 16.0, 12.9, 26.9, 13.9, 13.0, 12.1, 12.4, 14.6, 12.8, 28.2, 33.6, 30.2, 24.9, 38.7, 28.3, 26.5, 28.6, 31.1, 21.2, 13.4], "average": 16.956000000000003}, "fps": {"times": [0.3892822265625, 0.2615680694580078, 0.2519350051879883, 0.32828497886657715, 0.3195018768310547, 0.2840561866760254, 0.25107312202453613, 0.2314908504486084, 0.23827099800109863, 0.23072195053100586, 0.2756500244140625, 0.31833481788635254, 0.2419719696044922, 0.2373042106628418, 0.2534172534942627, 0.32184505462646484, 0.3097717761993408, 0.25290513038635254, 0.2297370433807373, 0.23493504524230957, 0.2522268295288086, 0.2889590263366699, 0.27489185333251953, 0.25237488746643066, 0.32236623764038086, 0.24707889556884766, 0.23233509063720703, 0.33578920364379883, 0.24230098724365234, 0.2642199993133545, 0.3182342052459717, 0.23680996894836426, 0.23791003227233887, 0.2485048770904541, 0.23390984535217285, 0.23693180084228516, 0.3159213066101074, 0.2787168025970459, 0.2558751106262207, 0.2425858974456787, 0.3094971179962158, 0.3141651153564453, 0.25517916679382324, 0.24771809577941895, 0.31923818588256836, 0.28203868865966797, 0.31171298027038574, 0.23006415367126465, 0.23874616622924805, 0.25301098823547363, 0.31810998916625977, 0.2404627799987793, 0.22934293746948242, 0.3262050151824951, 0.24193692207336426, 0.3191549777984619, 0.257580041885376, 0.24093174934387207, 0.2888000011444092, 0.27501511573791504, 0.3896191120147705, 0.3940768241882324, 0.3498649597167969, 0.2794041633605957, 0.45743703842163086, 0.3004918098449707, 0.2846369743347168, 0.3533930778503418, 0.28928327560424805, 0.2796630859375, 0.2680478096008301, 0.32422304153442383, 0.2572770118713379, 0.22638583183288574, 0.26129913330078125, 0.317490816116333, 0.25235509872436523, 0.24225831031799316, 0.28148984909057617, 0.3091299533843994, 0.24001693725585938, 0.31980109214782715, 0.24728608131408691, 0.2272331714630127, 0.21685194969177246, 0.28290295600891113, 0.2179708480834961, 0.22946786880493164, 0.29216718673706055, 0.32167720794677734, 0.39359474182128906, 0.29028987884521484, 0.4349980354309082, 0.3037128448486328, 0.38613295555114746, 0.3138599395751953, 0.3086659908294678, 0.2798619270324707, 0.24048280715942383, 0.23412299156188965], "average": 0.2817783522605896}}