{"cpu": {"percents": [26.1, 55.95, 68.56666666666666, 73.725, 77.97999999999999, 80.8, 81.35714285714286, 83.1875, 84.61111111111111, 85.69, 86.65454545454544, 87.19166666666666, 87.95384615384614, 88.57142857142856, 88.98666666666665, 89.38124999999998, 89.75294117647057, 90.1611111111111, 90.41578947368419, 90.49999999999997, 90.81428571428569, 91.07272727272725, 91.3086956521739, 91.43749999999999, 91.57999999999998, 91.79230769230767, 92.00370370370368, 92.17857142857142, 92.28620689655172, 92.34333333333332, 92.46129032258064, 92.58749999999999, 92.63030303030303, 92.73529411764704, 92.80571428571427, 92.87777777777777, 92.97567567567566, 92.91315789473683, 93.0128205128205, 93.11999999999999, 93.16829268292682, 93.20238095238093, 93.14651162790697, 93.16818181818181, 93.25555555555556, 93.32173913043479, 93.34042553191489, 93.37916666666666, 93.41836734693878, 93.488, 93.56274509803922, 93.59038461538461, 93.60377358490567, 93.62037037037037, 93.62, 93.64642857142859, 93.67368421052633, 93.43620689655172, 93.39152542372882, 93.435, 93.3393442622951, 93.38064516129033, 93.3984126984127, 93.40156250000001, 93.40923076923077, 93.4378787878788, 93.45970149253732, 93.48235294117647, 93.44347826086957, 93.47714285714287, 93.53098591549296, 93.54722222222223, 93.56438356164385, 93.57972972972973, 93.60533333333333, 93.6513157894737, 93.6974025974026, 93.72435897435899, 93.77088607594938, 93.80625, 93.83456790123458, 93.85853658536587, 93.88554216867472, 93.90595238095241, 93.93764705882356, 93.95465116279073, 93.99425287356324, 93.99204545454546, 93.99213483146069, 93.97888888888889, 94.01318681318682, 93.8586956521739, 93.84193548387096, 93.86702127659575, 93.8578947368421, 93.88645833333334, 93.90927835051548, 93.92551020408165, 93.91414141414141, 93.93799999999999], "average": 90.69996230805573}, "fps": {"times": [0.6499863394985612, 0.7842807424322814, 0.8505947546402625, 0.8928597524686374, 0.9321971102383874, 0.9229767135080197, 0.9411415343117359, 0.9555698762938252, 0.9727766741009909, 0.9814612735355209, 0.9850052183303072, 0.9684807084497858, 0.9626918700559397, 0.9683815724716573, 0.9736876841521088, 0.9826857820810313, 0.9710257297992962, 0.9753151988391939, 0.980317956933497, 0.9709227513201792, 0.9753154256324732, 0.9796080115146025, 0.9850599551105316, 0.9877118965619862, 0.9797288837711848, 0.9725691938124524, 0.9660824849650779, 0.9684820581935274, 0.9708913040701906, 0.973744174064423, 0.976759013686879, 0.9786873763007212, 0.9812221187712061, 0.983170102863566, 0.987209917397655, 0.9894049398881644, 0.9893741189250539, 0.9832297851801222, 0.9783071920300566, 0.9816405448636953, 0.9817309960313606, 0.9818241981100356, 0.9818476901178761, 0.9773575543284476, 0.9791984362349192, 0.9805718300918287, 0.9820567075595156, 0.9821092404945992, 0.978131056225733, 0.9743973376915148, 0.975790152709483, 0.9770318252861787, 0.978225944503543, 0.9804275265998029, 0.9795195968294536, 0.9816737629358557, 0.9782675066832162, 0.9784208939377116, 0.9808599828393851, 0.9801047127270057, 0.9813968779262171, 0.9832169282508477, 0.9839335822704729, 0.9856960031223195, 0.9867138142295911, 0.9877134489608799, 0.9886442039104057, 0.9886151876754363, 0.9894925772220422, 0.9865600495600447, 0.9873713923059512, 0.9881764621187752, 0.9889460484572149, 0.9889527408745503, 0.9861207830812082, 0.9831651736630539, 0.9839069132335497, 0.9810402902749028, 0.9817416854557034, 0.9825279129763561, 0.9838762749056202, 0.9853613502436056, 0.9844318136788789, 0.9850955761804693, 0.9848248928340587, 0.9820357952462582, 0.9821730999422777, 0.9824105699664634, 0.9825023292226203, 0.9797001155617688, 0.9770876779973775, 0.9730991877419289, 0.9733547474056484, 0.9723882072674213, 0.9692740762363473, 0.9661466683985905, 0.9664621385614764, 0.9664793645316783, 0.9636143513759247, 0.9638710683460162], "average": 0.9703822607421619}}